"96075183","ikenofuna","http://pbs.twimg.com/profile_images/2853949045/90a84da1363d6ac0b28dee97f6b92f80_normal.jpeg"
"79125102","BlackDonuts","http://pbs.twimg.com/profile_images/448682511/ST330142_normal.jpg"
"4414035927","BethMolligan","http://pbs.twimg.com/profile_images/678762469473443841/WIIDUMdQ_normal.jpg"
"3315527542","HellionCulture","http://pbs.twimg.com/profile_images/608349334606913538/Tc_O9QBH_normal.jpg"
"4697829878","h07054426183","http://abs.twimg.com/sticky/default_profile_images/default_profile_0_normal.png"
"90754578","Hiroki_K_","http://pbs.twimg.com/profile_images/2017054581/image_normal.jpg"
"2888797296","Shisyutisiki","http://pbs.twimg.com/profile_images/609696863894134784/mAF_3cW__normal.jpg"
"3081199897","gty7s012","http://pbs.twimg.com/profile_images/662835911869100032/D72Bi6nM_normal.jpg"
"2815568408","thisisgallery","http://pbs.twimg.com/profile_images/608270327584415747/9ofgnD14_normal.jpg"
"3413981772","YSYSY99","http://pbs.twimg.com/profile_images/638669845739892739/RvGxYeA3_normal.jpg"
"971196552","DoctorsGate","http://pbs.twimg.com/profile_images/2896944057/d63dc9cfc7107b002b0592915835ac98_normal.png"
"2251997582","cafeskhole","http://pbs.twimg.com/profile_images/455163859427262464/cD6cd7UJ_normal.jpeg"
"4508398033","aida_mituwo_jin","http://pbs.twimg.com/profile_images/681798921610334208/oUm1VHqN_normal.jpg"
"99743989","amanenishi","http://pbs.twimg.com/profile_images/848003054/key_normal.gif"
"4627518794","mayu_5221","http://pbs.twimg.com/profile_images/682426514932027392/DY76U-VL_normal.jpg"
"4148625315","gb07802r","http://pbs.twimg.com/profile_images/680675504379146240/i6nXdAZk_normal.png"
"4130104713","rx0746p","http://pbs.twimg.com/profile_images/671615124742914048/WbzVTL0b_normal.jpg"
"4115295274","r0642haaz","http://pbs.twimg.com/profile_images/663599396899020800/VORZJmbK_normal.jpg"
"4099267216","jt0598s9","http://pbs.twimg.com/profile_images/661685244580356096/jwRmC7HR_normal.jpg"
"4097901267","k0588bpc","http://pbs.twimg.com/profile_images/661306771936428032/VtFGEgUl_normal.jpg"
"3247490600","ch540420","http://pbs.twimg.com/profile_images/656570874414305280/dV6szvbc_normal.jpg"
"393784111","hoppo_bunka","http://pbs.twimg.com/profile_images/667559515747844097/aZbWN-l9_normal.jpg"
"208837643","showheyKATO","http://pbs.twimg.com/profile_images/679579049644011520/TNr9yRU7_normal.jpg"
"3974000952","kabukizyouhou","http://pbs.twimg.com/profile_images/663978787772567552/5GbylOqa_normal.jpg"
"3198860359","kakugen111","http://pbs.twimg.com/profile_images/599831254557528064/S4e0vm3a_normal.jpg"
"4582044494","MiV5us","http://abs.twimg.com/sticky/default_profile_images/default_profile_6_normal.png"
"4148182217","gxk0768x","http://pbs.twimg.com/profile_images/674312693814136832/xl7Wf5dd_normal.jpg"
"2485095338","mickey_kimi","http://pbs.twimg.com/profile_images/464704988401258496/jhlt66L4_normal.jpeg"
"4194588375","b5znlmt2c1","http://pbs.twimg.com/profile_images/666148532768800768/7lnjiT59_normal.jpg"
"3647469193","navi_shopping1","http://pbs.twimg.com/profile_images/646261491805458433/MDEiiNjG_normal.jpg"
"2688288828","links_you_2010","http://pbs.twimg.com/profile_images/493907507455082497/sgfwTd87_normal.jpeg"
"3379399541","gochoju_doga","http://pbs.twimg.com/profile_images/658838778836979712/uO2yPWLf_normal.jpg"
"2436154980","kefycexikabi","http://pbs.twimg.com/profile_images/672278687480328192/WUxvvD8R_normal.jpg"
"3213917845","rimodeba","http://pbs.twimg.com/profile_images/603574725147688960/uGeZlJkv_normal.jpg"
"33491430","yumikby","http://pbs.twimg.com/profile_images/673350086/06-01-22_14-42_normal.jpg"
"4426681992","artisoc_test2","http://abs.twimg.com/sticky/default_profile_images/default_profile_5_normal.png"
"2782253041","bimishinbo_bot","http://pbs.twimg.com/profile_images/523408244182487040/0UG5IMo8_normal.jpeg"
"3271173853","monjo_fight11","http://pbs.twimg.com/profile_images/651844419268702208/_RAPhhGz_normal.jpg"
"1659589578","yayoyoz","http://pbs.twimg.com/profile_images/683620382914420737/X4Km0zEg_normal.png"
"3182185070","_nonstyle_douga","http://pbs.twimg.com/profile_images/684192945709256705/nW32GcZc_normal.jpg"
"4318341492","N2f9Sa","http://abs.twimg.com/sticky/default_profile_images/default_profile_3_normal.png"
"3275904385","TokiTabiShop","http://pbs.twimg.com/profile_images/619846598344904706/B_wjPbPB_normal.jpg"
"4449590773","piccolo213","http://pbs.twimg.com/profile_images/672647488168263680/aRdMIpzl_normal.jpg"
"4264916577","_yozorano_tanka","http://pbs.twimg.com/profile_images/669958220073578496/Xl4MuO7m_normal.jpg"
"3035804509","kamiumach","http://pbs.twimg.com/profile_images/662135462606204929/Yw5WWF_S_normal.jpg"
"3326875272","8zHnP37UJrY3rLU","http://pbs.twimg.com/profile_images/661058546751049728/Ewj3BgRH_normal.jpg"
"4246490952","hisai_shinsei","http://pbs.twimg.com/profile_images/668315765477523456/yGjHNR0T_normal.jpg"
"4192080612","C0meUs","http://pbs.twimg.com/profile_images/664363540262727680/KuzyGQ0G_normal.jpg"
"4031134336","anestassiamain4","http://pbs.twimg.com/profile_images/670231743975129088/lO_7EywA_normal.jpg"
"4246964004","rqobmf8pu4hz","http://pbs.twimg.com/profile_images/666160526670454784/twgIfvXy_normal.jpg"
"3291727076","techhub_ev","http://pbs.twimg.com/profile_images/637100683292880897/YDxqFv1e_normal.png"
"623320233","u_saku4","http://pbs.twimg.com/profile_images/430134979855515648/8qFmg7KW_normal.jpeg"
"2434013492","kypuqazydof","http://pbs.twimg.com/profile_images/646270463790837760/fJ9IiA73_normal.jpg"
"4143525073","3g2gijo5nsjs1","http://pbs.twimg.com/profile_images/662528976745832448/-Yfhidxn_normal.jpg"
"597318397","yamatototohi","http://pbs.twimg.com/profile_images/3014514913/f8fc40ec350e9e70a0e0f927b960e901_normal.jpeg"
"90723275","clubkisai","http://pbs.twimg.com/profile_images/512829011781615616/34c65EEG_normal.png"
"3263142774","hanagouri","http://pbs.twimg.com/profile_images/619896291523309568/wBZV6cX1_normal.png"
"3248347861","takesou2016","http://pbs.twimg.com/profile_images/676740949184143360/sbgWlUHW_normal.png"
"3263253355","ryokuinjapan","http://pbs.twimg.com/profile_images/616221660975230976/OHkOFu7z_normal.png"
"4158280999","kokushikijyo","http://pbs.twimg.com/profile_images/663010243471765504/4Y8cnwKW_normal.jpg"
"4086348919","KitaP2ux","http://abs.twimg.com/sticky/default_profile_images/default_profile_2_normal.png"
"2904019604","KOU_0924_","http://pbs.twimg.com/profile_images/534920655917944832/nJ8_N4pD_normal.jpeg"
"2366721685","hrskksrh","http://pbs.twimg.com/profile_images/674483295388733440/lbdbpk7I_normal.png"
"4121393534","yoneda34001934","http://pbs.twimg.com/profile_images/661805109219688448/ARWiUp_B_normal.jpg"
"3055953626","MovemetPqvtnefb","http://pbs.twimg.com/profile_images/646544118265462785/zxpxnk9-_normal.jpg"
"2421146557","gejuhoxyvele","http://pbs.twimg.com/profile_images/635338803683586048/BfKcujdq_normal.jpg"
"4018605253","G4vaKa","http://abs.twimg.com/sticky/default_profile_images/default_profile_5_normal.png"
"3327561366","kawamura_tanma","http://pbs.twimg.com/profile_images/639322894154133504/ltZeyaby_normal.jpg"
"121572931","kumasan64","http://pbs.twimg.com/profile_images/793886963/DSC_0217_normal.JPG"
"3713686814","momokuro_brave","http://pbs.twimg.com/profile_images/670048319746367488/ZOQts3kS_normal.jpg"
"450592605","dk330dk","http://pbs.twimg.com/profile_images/378800000669734659/26b03b48013a9946d9379a4281c40963_normal.jpeg"
"3360379344","bot_tatu","http://pbs.twimg.com/profile_images/638582355997818882/faI5pT2Q_normal.jpg"
"3317564210","tomerarenaiwa","http://pbs.twimg.com/profile_images/633197728743362561/eyeNwgi3_normal.jpg"
"3039303264","kanasitokiha","http://pbs.twimg.com/profile_images/643719128700710912/myNTlPjG_normal.jpg"
"3550014446","leadponz","http://pbs.twimg.com/profile_images/643469622180581377/g2712eom_normal.jpg"
"3735158114","eik9tbzsf","http://pbs.twimg.com/profile_images/650521452307857408/hPl7OBR0_normal.jpg"
"119921181","YOKOSOPRANO","http://pbs.twimg.com/profile_images/682257494937214976/rDnGjElg_normal.jpg"
"786596725","AFLOAT_NAGOYA","http://pbs.twimg.com/profile_images/2584671136/image_normal.jpg"
"2769308526","Rommy344","http://pbs.twimg.com/profile_images/617376400933154816/nJxdm9xR_normal.jpg"
"71577577","dendentown","http://pbs.twimg.com/profile_images/474765664851222528/djhmdkqJ_normal.jpeg"
"70639535","hurati","http://pbs.twimg.com/profile_images/1454264572/4425790_2488470907_normal.jpg"
"1290554304","masabefreedom","http://pbs.twimg.com/profile_images/675800218604998658/LsrIOH7C_normal.jpg"
"56698570","_fukakusa","http://pbs.twimg.com/profile_images/378800000633312890/53003e3362ef4ceaad2e7f2885d751d9_normal.jpeg"
"3613867515","oelyan1","http://pbs.twimg.com/profile_images/642721826049626112/xBGodNtq_normal.jpg"
"2945793571","chuunen45","http://pbs.twimg.com/profile_images/571804060442968065/n2zvmErL_normal.jpeg"
"3611523373","ToTsukako","http://pbs.twimg.com/profile_images/682206306153791488/busG030l_normal.jpg"
"3017841586","hze00702","http://abs.twimg.com/sticky/default_profile_images/default_profile_4_normal.png"
"3360553160","GoYosha24","http://pbs.twimg.com/profile_images/664993544856178688/JZN5A8A__normal.jpg"
"3318386814","TicketsToday_JP","http://pbs.twimg.com/profile_images/633541259093676032/ydiXhJNs_normal.jpg"
"2463237896","kushiro00001","http://pbs.twimg.com/profile_images/487079926852362240/PUnjUrKz_normal.jpeg"
"3160463761","6Guarno","http://pbs.twimg.com/profile_images/635474717588254720/fGY27KhC_normal.jpg"
"3234238393","sore_tigaimasu","http://pbs.twimg.com/profile_images/615710076213432320/fGljEgv8_normal.png"
"2808715130","irismaity1223","http://pbs.twimg.com/profile_images/667177041003835393/xp5CBqsi_normal.jpg"
"1064869004","mobamani","http://pbs.twimg.com/profile_images/3234011562/caeb4f0d8e0d299158772258a40f262f_normal.jpeg"
"592746501","tabi_con","http://pbs.twimg.com/profile_images/2824463027/b31bc3ffd681456328844e2138ae4eba_normal.png"
"3413512045","koheikana0006","http://pbs.twimg.com/profile_images/639330669026406400/w2IHiVh7_normal.jpg"
"2938750424","jojojojoe07","http://pbs.twimg.com/profile_images/598854627606462464/wIsnSa7V_normal.jpg"
"2663108388","freeman_tky","http://pbs.twimg.com/profile_images/675840432492843009/tzDlJGOF_normal.jpg"
"1708896794","naoshoukikushou","http://pbs.twimg.com/profile_images/650609633841647616/UUJzRSGm_normal.jpg"
"1707055400","kuma30623","http://pbs.twimg.com/profile_images/598011145824243712/gWYPxbiF_normal.jpg"
"77518000","rupinasrupinas","http://pbs.twimg.com/profile_images/682621933490405381/HzNAGTXr_normal.jpg"
