"1572068138","fukushima_hopes","1445058009000","一時代を築いた男たち 合同トライアウトに参加？それとも… http://t.co/3M3suHdbsY","1"
"1572068138","fukushima_hopes","1444960812000","マイナンバー間もなく手元に 悪用、詐欺にご注意 http://t.co/WwMrv5TKvh","1"
"1572068138","fukushima_hopes","1444722306000","岩村監督が講演 郡山健康科学専門学校で学園祭 http://t.co/qyvDZgsq4b","1"
"1572068138","fukushima_hopes","1444370403000","ボンズあすホーム開幕戦 郡山で連戦「民報マッチデー」 http://t.co/HsxmZRVjw4","1"
"1572068138","fukushima_hopes","1444359612000","姜正浩は大けが メジャー「猛スライディング」は見納めか http://t.co/Axn6hP3t9l","1"
"1572068138","fukushima_hopes","1444274110000","ホープス２選手に町内産の農産物届ける 西会津町 http://t.co/cHed9MQxFg","1"
"1572068138","fukushima_hopes","1444199406000","RT @free_time11: 出会いのオトナトークオトナの友達との出会いに最適☆オトナトークは健全な大人のための友達作りアプリです！まだ知り合いではない人と出会いたいというニーズに最適！DL→　http://t.co/Hq6eBEZldJ http://t.co…","1"
"1572068138","fukushima_hopes","1444194910000","RT @free_time11: Creema（クリーマ）全国4万人超の作家・デザイナーから、ハンドメイドの作品を直接購入できるCreema。95万点以上の一点物アイテムが出品中☆and→　http://t.co/VKPZKh6LGG http://t.co/Q7S…","1"
"1572068138","fukushima_hopes","1444190502000","RT @free_time11: Creema（クリーマ）全国4万人超の作家・デザイナーから、ハンドメイドの作品を直接購入できるCreema。95万点以上の一点物アイテムが出品中☆and→　http://t.co/VKPZKh6LGG http://t.co/sIo…","1"
"1572068138","fukushima_hopes","1444187725000","RT @free_time11: Creema（クリーマ）全国4万人超の作家・デザイナーから、ハンドメイドの作品を直接購入できるCreema。95万点以上の一点物アイテムが出品中☆and→　http://t.co/VKPZKh6LGG http://t.co/pNN…","1"
"1572068138","fukushima_hopes","1444185013000","RT @free_time11: フリマアプリFril洋服やアクセサリーのフリマに出品が簡単に出来る＾＾大好きなブランドの洋服をフリマならではの格安価格でショッピングすることができますよ☆DL→　http://t.co/3cTverjdR9 http://t.co/…","1"
"1572068138","fukushima_hopes","1444179740000","RT @free_time11: 出会いのオトナトークオトナの友達との出会いに最適☆オトナトークは健全な大人のための友達作りアプリです！まだ知り合いではない人と出会いたいというニーズに最適！DL→　http://t.co/Hq6eBEZldJ http://t.co…","1"
"1572068138","fukushima_hopes","1444176932000","RT @free_time11: 戦国炎舞 -KIZNA-時は戦国、乱世の時代…数々の戦場を舞台に、熾烈な合戦が繰り広げられる！日本全国、歴戦の名将たちを仲間に迎え、天下統一を目指せ☆DL→　http://t.co/mnL6z4eEk9 http://t.co/7…","1"
"1572068138","fukushima_hopes","1444172424000","RT @free_time11: Creema（クリーマ）全国4万人超の作家・デザイナーから、ハンドメイドの作品を直接購入できるCreema。95万点以上の一点物アイテムが出品中☆and→　http://t.co/VKPZKh6LGG http://t.co/nru…","1"
"1572068138","fukushima_hopes","1444169728000","RT @free_time11: 戦国炎舞 -KIZNA-時は戦国、乱世の時代…数々の戦場を舞台に、熾烈な合戦が繰り広げられる！日本全国、歴戦の名将たちを仲間に迎え、天下統一を目指せ☆DL→　http://t.co/mnL6z4eEk9 http://t.co/J…","1"
"1572068138","fukushima_hopes","1444145407000","RT @free_time11: NewsPicksもっと自由な経済紙を。経済情報に特化したニュース共有サービス です。友人や気になる業界専門家をフォローして、あなただけの経済紙を手に入れよう☆DL→　http://t.co/bpM9vcYVBl http://t.…","1"
"1572068138","fukushima_hopes","1444141815000","RT @free_time11: Creema（クリーマ）全国4万人超の作家・デザイナーから、ハンドメイドの作品を直接購入できるCreema。95万点以上の一点物アイテムが出品中☆and→　http://t.co/VKPZKh6LGG http://t.co/ofh…","1"
"1572068138","fukushima_hopes","1444136508000","RT @free_time11: Creema（クリーマ）全国4万人超の作家・デザイナーから、ハンドメイドの作品を直接購入できるCreema。95万点以上の一点物アイテムが出品中☆and→　http://t.co/VKPZKh6LGG http://t.co/2hD…","1"
